href,title
https://www.yatex.org/gitbucket/touhoku_procon/touhoku_procon/pages/home.html,ホーム
https://www.yatex.org/gitbucket/touhoku_procon/touhoku_procon/pages/aslist.html,虫の外来種って?
https://www.yatex.org/gitbucket/touhoku_procon/touhoku_procon/pages/Airian_quiz.html,虫クイズに挑戦!
https://www.yatex.org/gitbucket/touhoku_procon/touhoku_procon/pages/m_m_game_download.html,虫の見分けゲーム(このページ)
https://kd2.koeki-prj.org/index.php/apps/forms/s/NWMPAzjD9dKW36XwzNSsdKPE,アンケートページ
https://www.yatex.org/gitbucket/touhoku_procon/touhoku_procon/raw/main/mushi_miwake_game.rb,mushi_miwake_game.rb
https://www.yatex.org/gitbucket/touhoku_procon/touhoku_procon/raw/main/kekka.html,kekka.html
https://www.yatex.org/gitbucket/touhoku_procon/touhoku_procon/raw/main/虫データ.csv,虫データ.csv
https://www.yatex.org/gitbucket/touhoku_procon/touhoku_procon/raw/main/ミカンキイロアザミウマ.jpg,ミカンキイロアザミウマ.jpg
https://www.yatex.org/gitbucket/touhoku_procon/touhoku_procon/raw/main/ミカンキイロアザミウマ.gif,ミカンキイロアザミウマ.gif
https://www.yatex.org/gitbucket/touhoku_procon/touhoku_procon/raw/main/シルバーリーフコナジラミ.jpg,シルバーリーフコナジラミ.jpg
https://www.yatex.org/gitbucket/touhoku_procon/touhoku_procon/raw/main/シルバーリーフコナジラミ.gif,シルバーリーフコナジラミ.gif
https://www.yatex.org/gitbucket/touhoku_procon/touhoku_procon/raw/main/オンシツコナジラミ.jpg,オンシツコナジラミ.jpg
https://www.yatex.org/gitbucket/touhoku_procon/touhoku_procon/raw/main/オンシツコナジラミ.gif,オンシツコナジラミ.gif
https://www.yatex.org/gitbucket/touhoku_procon/touhoku_procon/raw/main/ヨコヅナサシガメ.jpg,ヨコヅナサシガメ.jpg
https://www.yatex.org/gitbucket/touhoku_procon/touhoku_procon/raw/main/ヨコヅナサシガメ.gif,ヨコヅナサシガメ.gif
https://www.yatex.org/gitbucket/touhoku_procon/touhoku_procon/raw/main/イネミズゾウムシ.jpg,イネミズゾウムシ.jpg
https://www.yatex.org/gitbucket/touhoku_procon/touhoku_procon/raw/main/イネミズゾウムシ.gif,イネミズゾウムシ.gif
https://www.yatex.org/gitbucket/touhoku_procon/touhoku_procon/raw/main/アルファルファタコゾウムシ.jpg,アルファルファタコゾウムシ.jpg
https://www.yatex.org/gitbucket/touhoku_procon/touhoku_procon/raw/main/アルファルファタコゾウムシ.gif,アルファルファタコゾウムシ.gif
https://www.yatex.org/gitbucket/touhoku_procon/touhoku_procon/raw/main/キボシカミキリ.jpg,キボシカミキリ.jpg
https://www.yatex.org/gitbucket/touhoku_procon/touhoku_procon/raw/main/キボシカミキリ.gif,キボシカミキリ.gif
https://www.yatex.org/gitbucket/touhoku_procon/touhoku_procon/raw/main/チャバネゴキブリ.jpg,チャバネゴキブリ.jpg
https://www.yatex.org/gitbucket/touhoku_procon/touhoku_procon/raw/main/チャバネゴキブリ.gif,チャバネゴキブリ.gif
https://www.yatex.org/gitbucket/touhoku_procon/touhoku_procon/raw/main/マメハモグリバエ.jpg,マメハモグリバエ.jpg
https://www.yatex.org/gitbucket/touhoku_procon/touhoku_procon/raw/main/マメハモグリバエ.gif,マメハモグリバエ.gif
https://www.yatex.org/gitbucket/touhoku_procon/touhoku_procon/raw/main/クリタマバチ.jpg,クリタマバチ.jpg
https://www.yatex.org/gitbucket/touhoku_procon/touhoku_procon/raw/main/クリタマバチ.gif,クリタマバチ.gif
https://www.yatex.org/gitbucket/touhoku_procon/touhoku_procon/raw/main/アカハネバッタ.jpg,アカハネバッタ.jpg
https://www.yatex.org/gitbucket/touhoku_procon/touhoku_procon/raw/main/アカハネバッタ.png,アカハネバッタ.png
https://www.yatex.org/gitbucket/touhoku_procon/touhoku_procon/raw/main/マルコガタノゲンゴロウ.jpg,マルコガタノゲンゴロウ.jpg
https://www.yatex.org/gitbucket/touhoku_procon/touhoku_procon/raw/main/マルコガタノゲンゴロウ.png,マルコガタノゲンゴロウ.png
https://www.yatex.org/gitbucket/touhoku_procon/touhoku_procon/raw/main/オオウラギンヒョウモン.jpg,オオウラギンヒョウモン.jpg
https://www.yatex.org/gitbucket/touhoku_procon/touhoku_procon/raw/main/オオウラギンヒョウモン.png,オオウラギンヒョウモン.png
https://www.yatex.org/gitbucket/touhoku_procon/touhoku_procon/raw/main/ノシメコヤガ.jpg,ノシメコヤガ.jpg
https://www.yatex.org/gitbucket/touhoku_procon/touhoku_procon/raw/main/ノシメコヤガ.png,ノシメコヤガ.png
https://www.yatex.org/gitbucket/touhoku_procon/touhoku_procon/raw/main/ギフチョウ.jpg,ギフチョウ.jpg
https://www.yatex.org/gitbucket/touhoku_procon/touhoku_procon/raw/main/ニホンミツバチ.jpg,ニホンミツバチ.jpg
https://www.yatex.org/gitbucket/touhoku_procon/touhoku_procon/raw/main/ムカシトンボ.png,ムカシトンボ.png
https://www.yatex.org/gitbucket/touhoku_procon/touhoku_procon/raw/main/カワラバッタ.jpg,カワラバッタ.jpg
https://www.yatex.org/gitbucket/touhoku_procon/touhoku_procon/raw/main/シャープゲンゴロウモドキ.jpg,シャープゲンゴロウモドキ.jpg
https://www.yatex.org/gitbucket/touhoku_procon/touhoku_procon/raw/main/ルリボシカミキリ.jpeg,ルリボシカミキリ.jpeg
https://www.yatex.org/gitbucket/touhoku_procon/touhoku_procon/raw/main/ヒゲナガオトシブミ.jpg,ヒゲナガオトシブミ.jpg
https://www.yatex.org/gitbucket/touhoku_procon/touhoku_procon/raw/main/ゲンジボタル.jpg,ゲンジボタル.jpg
https://www.yatex.org/gitbucket/touhoku_procon/touhoku_procon/raw/main/no_image_logo.png,no_image_logo.png
https://www.yatex.org/gitbucket/touhoku_procon/touhoku_procon/raw/main/mark_maru.png,mark_maru.png
https://www.yatex.org/gitbucket/touhoku_procon/touhoku_procon/raw/main/mark_batsu.png,mark_batsu/png
